"benchmark_id","prompt_id","seed","dataset_group","scene","sample_id","prompt"
"1","1","23","Two-Entity AI","Cup and Apple Desktop Still Life","1","a red apple and a blue ceramic cup"
"2","1","44","Two-Entity AI","Cup and Apple Desktop Still Life","1","a red apple and a blue ceramic cup"
"3","1","77","Two-Entity AI","Cup and Apple Desktop Still Life","1","a red apple and a blue ceramic cup"
"4","1","89","Two-Entity AI","Cup and Apple Desktop Still Life","1","a red apple and a blue ceramic cup"
"5","1","123","Two-Entity AI","Cup and Apple Desktop Still Life","1","a red apple and a blue ceramic cup"
"6","2","23","Two-Entity AI","Cup and Apple Desktop Still Life","2","a green apple and a yellow glass cup"
"7","2","44","Two-Entity AI","Cup and Apple Desktop Still Life","2","a green apple and a yellow glass cup"
"8","2","77","Two-Entity AI","Cup and Apple Desktop Still Life","2","a green apple and a yellow glass cup"
"9","2","89","Two-Entity AI","Cup and Apple Desktop Still Life","2","a green apple and a yellow glass cup"
"10","2","123","Two-Entity AI","Cup and Apple Desktop Still Life","2","a green apple and a yellow glass cup"
"11","3","23","Two-Entity AI","Cup and Apple Desktop Still Life","3","a pink apple and a white porcelain cup"
"12","3","44","Two-Entity AI","Cup and Apple Desktop Still Life","3","a pink apple and a white porcelain cup"
"13","3","77","Two-Entity AI","Cup and Apple Desktop Still Life","3","a pink apple and a white porcelain cup"
"14","3","89","Two-Entity AI","Cup and Apple Desktop Still Life","3","a pink apple and a white porcelain cup"
"15","3","123","Two-Entity AI","Cup and Apple Desktop Still Life","3","a pink apple and a white porcelain cup"
"16","4","23","Two-Entity AI","Cup and Apple Desktop Still Life","4","a metallic silver apple and a glossy purple cup"
"17","4","44","Two-Entity AI","Cup and Apple Desktop Still Life","4","a metallic silver apple and a glossy purple cup"
"18","4","77","Two-Entity AI","Cup and Apple Desktop Still Life","4","a metallic silver apple and a glossy purple cup"
"19","4","89","Two-Entity AI","Cup and Apple Desktop Still Life","4","a metallic silver apple and a glossy purple cup"
"20","4","123","Two-Entity AI","Cup and Apple Desktop Still Life","4","a metallic silver apple and a glossy purple cup"
"21","5","23","Two-Entity AI","Cup and Apple Desktop Still Life","5","a matte black apple and a golden cup"
"22","5","44","Two-Entity AI","Cup and Apple Desktop Still Life","5","a matte black apple and a golden cup"
"23","5","77","Two-Entity AI","Cup and Apple Desktop Still Life","5","a matte black apple and a golden cup"
"24","5","89","Two-Entity AI","Cup and Apple Desktop Still Life","5","a matte black apple and a golden cup"
"25","5","123","Two-Entity AI","Cup and Apple Desktop Still Life","5","a matte black apple and a golden cup"
"26","6","23","Two-Entity AI","Car and Bicycle","1","a red car and a blue bicycle on the street"
"27","6","44","Two-Entity AI","Car and Bicycle","1","a red car and a blue bicycle on the street"
"28","6","77","Two-Entity AI","Car and Bicycle","1","a red car and a blue bicycle on the street"
"29","6","89","Two-Entity AI","Car and Bicycle","1","a red car and a blue bicycle on the street"
"30","6","123","Two-Entity AI","Car and Bicycle","1","a red car and a blue bicycle on the street"
"31","7","23","Two-Entity AI","Car and Bicycle","2","a green car and a yellow bicycle"
"32","7","44","Two-Entity AI","Car and Bicycle","2","a green car and a yellow bicycle"
"33","7","77","Two-Entity AI","Car and Bicycle","2","a green car and a yellow bicycle"
"34","7","89","Two-Entity AI","Car and Bicycle","2","a green car and a yellow bicycle"
"35","7","123","Two-Entity AI","Car and Bicycle","2","a green car and a yellow bicycle"
"36","8","23","Two-Entity AI","Car and Bicycle","3","a silver car and a black bicycle"
"37","8","44","Two-Entity AI","Car and Bicycle","3","a silver car and a black bicycle"
"38","8","77","Two-Entity AI","Car and Bicycle","3","a silver car and a black bicycle"
"39","8","89","Two-Entity AI","Car and Bicycle","3","a silver car and a black bicycle"
"40","8","123","Two-Entity AI","Car and Bicycle","3","a silver car and a black bicycle"
"41","9","23","Two-Entity AI","Car and Bicycle","4","a pink car and a purple bicycle"
"42","9","44","Two-Entity AI","Car and Bicycle","4","a pink car and a purple bicycle"
"43","9","77","Two-Entity AI","Car and Bicycle","4","a pink car and a purple bicycle"
"44","9","89","Two-Entity AI","Car and Bicycle","4","a pink car and a purple bicycle"
"45","9","123","Two-Entity AI","Car and Bicycle","4","a pink car and a purple bicycle"
"46","10","23","Two-Entity AI","Car and Bicycle","5","a golden car and a cyan bicycle"
"47","10","44","Two-Entity AI","Car and Bicycle","5","a golden car and a cyan bicycle"
"48","10","77","Two-Entity AI","Car and Bicycle","5","a golden car and a cyan bicycle"
"49","10","89","Two-Entity AI","Car and Bicycle","5","a golden car and a cyan bicycle"
"50","10","123","Two-Entity AI","Car and Bicycle","5","a golden car and a cyan bicycle"
"51","11","23","Two-Entity AI","Dog and Sheep","1","a brown dog and a white sheep in the farm"
"52","11","44","Two-Entity AI","Dog and Sheep","1","a brown dog and a white sheep in the farm"
"53","11","77","Two-Entity AI","Dog and Sheep","1","a brown dog and a white sheep in the farm"
"54","11","89","Two-Entity AI","Dog and Sheep","1","a brown dog and a white sheep in the farm"
"55","11","123","Two-Entity AI","Dog and Sheep","1","a brown dog and a white sheep in the farm"
"56","12","23","Two-Entity AI","Dog and Sheep","2","a blue dog and a red sheep in the field"
"57","12","44","Two-Entity AI","Dog and Sheep","2","a blue dog and a red sheep in the field"
"58","12","77","Two-Entity AI","Dog and Sheep","2","a blue dog and a red sheep in the field"
"59","12","89","Two-Entity AI","Dog and Sheep","2","a blue dog and a red sheep in the field"
"60","12","123","Two-Entity AI","Dog and Sheep","2","a blue dog and a red sheep in the field"
"61","13","23","Two-Entity AI","Dog and Sheep","3","a yellow dog and a green sheep on the hill"
"62","13","44","Two-Entity AI","Dog and Sheep","3","a yellow dog and a green sheep on the hill"
"63","13","77","Two-Entity AI","Dog and Sheep","3","a yellow dog and a green sheep on the hill"
"64","13","89","Two-Entity AI","Dog and Sheep","3","a yellow dog and a green sheep on the hill"
"65","13","123","Two-Entity AI","Dog and Sheep","3","a yellow dog and a green sheep on the hill"
"66","14","23","Two-Entity AI","Dog and Sheep","4","a black dog and a pink sheep standing near a fence"
"67","14","44","Two-Entity AI","Dog and Sheep","4","a black dog and a pink sheep standing near a fence"
"68","14","77","Two-Entity AI","Dog and Sheep","4","a black dog and a pink sheep standing near a fence"
"69","14","89","Two-Entity AI","Dog and Sheep","4","a black dog and a pink sheep standing near a fence"
"70","14","123","Two-Entity AI","Dog and Sheep","4","a black dog and a pink sheep standing near a fence"
"71","15","23","Two-Entity AI","Dog and Sheep","5","a metallic silver dog and a glossy purple sheep"
"72","15","44","Two-Entity AI","Dog and Sheep","5","a metallic silver dog and a glossy purple sheep"
"73","15","77","Two-Entity AI","Dog and Sheep","5","a metallic silver dog and a glossy purple sheep"
"74","15","89","Two-Entity AI","Dog and Sheep","5","a metallic silver dog and a glossy purple sheep"
"75","15","123","Two-Entity AI","Dog and Sheep","5","a metallic silver dog and a glossy purple sheep"
"76","16","23","Two-Entity AI","Dog and Sheep","6","a fluffy orange dog and a matte cyan sheep"
"77","16","44","Two-Entity AI","Dog and Sheep","6","a fluffy orange dog and a matte cyan sheep"
"78","16","77","Two-Entity AI","Dog and Sheep","6","a fluffy orange dog and a matte cyan sheep"
"79","16","89","Two-Entity AI","Dog and Sheep","6","a fluffy orange dog and a matte cyan sheep"
"80","16","123","Two-Entity AI","Dog and Sheep","6","a fluffy orange dog and a matte cyan sheep"
"81","17","23","Two-Entity AI","Fox and Bear in the Forest","1","a red fox and a brown bear in the forest"
"82","17","44","Two-Entity AI","Fox and Bear in the Forest","1","a red fox and a brown bear in the forest"
"83","17","77","Two-Entity AI","Fox and Bear in the Forest","1","a red fox and a brown bear in the forest"
"84","17","89","Two-Entity AI","Fox and Bear in the Forest","1","a red fox and a brown bear in the forest"
"85","17","123","Two-Entity AI","Fox and Bear in the Forest","1","a red fox and a brown bear in the forest"
"86","18","23","Two-Entity AI","Fox and Bear in the Forest","2","a blue fox and a yellow bear"
"87","18","44","Two-Entity AI","Fox and Bear in the Forest","2","a blue fox and a yellow bear"
"88","18","77","Two-Entity AI","Fox and Bear in the Forest","2","a blue fox and a yellow bear"
"89","18","89","Two-Entity AI","Fox and Bear in the Forest","2","a blue fox and a yellow bear"
"90","18","123","Two-Entity AI","Fox and Bear in the Forest","2","a blue fox and a yellow bear"
"91","19","23","Two-Entity AI","Fox and Bear in the Forest","3","a black fox and a pink bear under soft fog"
"92","19","44","Two-Entity AI","Fox and Bear in the Forest","3","a black fox and a pink bear under soft fog"
"93","19","77","Two-Entity AI","Fox and Bear in the Forest","3","a black fox and a pink bear under soft fog"
"94","19","89","Two-Entity AI","Fox and Bear in the Forest","3","a black fox and a pink bear under soft fog"
"95","19","123","Two-Entity AI","Fox and Bear in the Forest","3","a black fox and a pink bear under soft fog"
"96","20","23","Two-Entity AI","Fox and Bear in the Forest","4","a silver fox and a purple bear"
"97","20","44","Two-Entity AI","Fox and Bear in the Forest","4","a silver fox and a purple bear"
"98","20","77","Two-Entity AI","Fox and Bear in the Forest","4","a silver fox and a purple bear"
"99","20","89","Two-Entity AI","Fox and Bear in the Forest","4","a silver fox and a purple bear"
"100","20","123","Two-Entity AI","Fox and Bear in the Forest","4","a silver fox and a purple bear"
"101","21","23","Two-Entity AI","Fox and Bear in the Forest","5","a golden fox and a cyan bear"
"102","21","44","Two-Entity AI","Fox and Bear in the Forest","5","a golden fox and a cyan bear"
"103","21","77","Two-Entity AI","Fox and Bear in the Forest","5","a golden fox and a cyan bear"
"104","21","89","Two-Entity AI","Fox and Bear in the Forest","5","a golden fox and a cyan bear"
"105","21","123","Two-Entity AI","Fox and Bear in the Forest","5","a golden fox and a cyan bear"
"106","22","23","Two-Entity AI","Fox and Bear in the Forest","6","a white fox and a green bear sitting near rocks"
"107","22","44","Two-Entity AI","Fox and Bear in the Forest","6","a white fox and a green bear sitting near rocks"
"108","22","77","Two-Entity AI","Fox and Bear in the Forest","6","a white fox and a green bear sitting near rocks"
"109","22","89","Two-Entity AI","Fox and Bear in the Forest","6","a white fox and a green bear sitting near rocks"
"110","22","123","Two-Entity AI","Fox and Bear in the Forest","6","a white fox and a green bear sitting near rocks"
"111","23","23","Two-Entity AI","Robot and Human","1","a silver robot and a human wearing a red jacket"
"112","23","44","Two-Entity AI","Robot and Human","1","a silver robot and a human wearing a red jacket"
"113","23","77","Two-Entity AI","Robot and Human","1","a silver robot and a human wearing a red jacket"
"114","23","89","Two-Entity AI","Robot and Human","1","a silver robot and a human wearing a red jacket"
"115","23","123","Two-Entity AI","Robot and Human","1","a silver robot and a human wearing a red jacket"
"116","24","23","Two-Entity AI","Robot and Human","2","a blue robot and a person in a yellow hoodie"
"117","24","44","Two-Entity AI","Robot and Human","2","a blue robot and a person in a yellow hoodie"
"118","24","77","Two-Entity AI","Robot and Human","2","a blue robot and a person in a yellow hoodie"
"119","24","89","Two-Entity AI","Robot and Human","2","a blue robot and a person in a yellow hoodie"
"120","24","123","Two-Entity AI","Robot and Human","2","a blue robot and a person in a yellow hoodie"
"121","25","23","Two-Entity AI","Robot and Human","3","a glossy purple robot and a man in a green coat"
"122","25","44","Two-Entity AI","Robot and Human","3","a glossy purple robot and a man in a green coat"
"123","25","77","Two-Entity AI","Robot and Human","3","a glossy purple robot and a man in a green coat"
"124","25","89","Two-Entity AI","Robot and Human","3","a glossy purple robot and a man in a green coat"
"125","25","123","Two-Entity AI","Robot and Human","3","a glossy purple robot and a man in a green coat"
"126","26","23","Two-Entity AI","Robot and Human","4","a matte black robot and a woman wearing a pink dress"
"127","26","44","Two-Entity AI","Robot and Human","4","a matte black robot and a woman wearing a pink dress"
"128","26","77","Two-Entity AI","Robot and Human","4","a matte black robot and a woman wearing a pink dress"
"129","26","89","Two-Entity AI","Robot and Human","4","a matte black robot and a woman wearing a pink dress"
"130","26","123","Two-Entity AI","Robot and Human","4","a matte black robot and a woman wearing a pink dress"
"131","27","23","Two-Entity AI","Robot and Human","5","a cyan robot and a person in a brown trench coat"
"132","27","44","Two-Entity AI","Robot and Human","5","a cyan robot and a person in a brown trench coat"
"133","27","77","Two-Entity AI","Robot and Human","5","a cyan robot and a person in a brown trench coat"
"134","27","89","Two-Entity AI","Robot and Human","5","a cyan robot and a person in a brown trench coat"
"135","27","123","Two-Entity AI","Robot and Human","5","a cyan robot and a person in a brown trench coat"
"136","28","23","Two-Entity AI","Robot and Human","6","a gold robot and a person wearing a white shirt"
"137","28","44","Two-Entity AI","Robot and Human","6","a gold robot and a person wearing a white shirt"
"138","28","77","Two-Entity AI","Robot and Human","6","a gold robot and a person wearing a white shirt"
"139","28","89","Two-Entity AI","Robot and Human","6","a gold robot and a person wearing a white shirt"
"140","28","123","Two-Entity AI","Robot and Human","6","a gold robot and a person wearing a white shirt"
"141","29","23","Two-Entity AI","Two Dogs of Different Breeds in the Park","1","a white dog and a brown dog in the park"
"142","29","44","Two-Entity AI","Two Dogs of Different Breeds in the Park","1","a white dog and a brown dog in the park"
"143","29","77","Two-Entity AI","Two Dogs of Different Breeds in the Park","1","a white dog and a brown dog in the park"
"144","29","89","Two-Entity AI","Two Dogs of Different Breeds in the Park","1","a white dog and a brown dog in the park"
"145","29","123","Two-Entity AI","Two Dogs of Different Breeds in the Park","1","a white dog and a brown dog in the park"
"146","30","23","Two-Entity AI","Two Dogs of Different Breeds in the Park","2","a black dog and a yellow dog"
"147","30","44","Two-Entity AI","Two Dogs of Different Breeds in the Park","2","a black dog and a yellow dog"
"148","30","77","Two-Entity AI","Two Dogs of Different Breeds in the Park","2","a black dog and a yellow dog"
"149","30","89","Two-Entity AI","Two Dogs of Different Breeds in the Park","2","a black dog and a yellow dog"
"150","30","123","Two-Entity AI","Two Dogs of Different Breeds in the Park","2","a black dog and a yellow dog"
"151","31","23","Two-Entity AI","Two Dogs of Different Breeds in the Park","3","a fluffy gray dog and a smooth pink dog"
"152","31","44","Two-Entity AI","Two Dogs of Different Breeds in the Park","3","a fluffy gray dog and a smooth pink dog"
"153","31","77","Two-Entity AI","Two Dogs of Different Breeds in the Park","3","a fluffy gray dog and a smooth pink dog"
"154","31","89","Two-Entity AI","Two Dogs of Different Breeds in the Park","3","a fluffy gray dog and a smooth pink dog"
"155","31","123","Two-Entity AI","Two Dogs of Different Breeds in the Park","3","a fluffy gray dog and a smooth pink dog"
"156","32","23","Two-Entity AI","Two Dogs of Different Breeds in the Park","4","a golden dog and a blue dog"
"157","32","44","Two-Entity AI","Two Dogs of Different Breeds in the Park","4","a golden dog and a blue dog"
"158","32","77","Two-Entity AI","Two Dogs of Different Breeds in the Park","4","a golden dog and a blue dog"
"159","32","89","Two-Entity AI","Two Dogs of Different Breeds in the Park","4","a golden dog and a blue dog"
"160","32","123","Two-Entity AI","Two Dogs of Different Breeds in the Park","4","a golden dog and a blue dog"
"161","33","23","Two-Entity AI","Two Dogs of Different Breeds in the Park","5","a red dog and a purple dog"
"162","33","44","Two-Entity AI","Two Dogs of Different Breeds in the Park","5","a red dog and a purple dog"
"163","33","77","Two-Entity AI","Two Dogs of Different Breeds in the Park","5","a red dog and a purple dog"
"164","33","89","Two-Entity AI","Two Dogs of Different Breeds in the Park","5","a red dog and a purple dog"
"165","33","123","Two-Entity AI","Two Dogs of Different Breeds in the Park","5","a red dog and a purple dog"
"166","34","23","Two-Entity AI","Two Birds of Different Colors on a Branch","1","a red bird and a blue bird sitting on the branch"
"167","34","44","Two-Entity AI","Two Birds of Different Colors on a Branch","1","a red bird and a blue bird sitting on the branch"
"168","34","77","Two-Entity AI","Two Birds of Different Colors on a Branch","1","a red bird and a blue bird sitting on the branch"
"169","34","89","Two-Entity AI","Two Birds of Different Colors on a Branch","1","a red bird and a blue bird sitting on the branch"
"170","34","123","Two-Entity AI","Two Birds of Different Colors on a Branch","1","a red bird and a blue bird sitting on the branch"
"171","35","23","Two-Entity AI","Two Birds of Different Colors on a Branch","2","a green bird and a yellow bird"
"172","35","44","Two-Entity AI","Two Birds of Different Colors on a Branch","2","a green bird and a yellow bird"
"173","35","77","Two-Entity AI","Two Birds of Different Colors on a Branch","2","a green bird and a yellow bird"
"174","35","89","Two-Entity AI","Two Birds of Different Colors on a Branch","2","a green bird and a yellow bird"
"175","35","123","Two-Entity AI","Two Birds of Different Colors on a Branch","2","a green bird and a yellow bird"
"176","36","23","Two-Entity AI","Two Birds of Different Colors on a Branch","3","a pink bird and a white bird"
"177","36","44","Two-Entity AI","Two Birds of Different Colors on a Branch","3","a pink bird and a white bird"
"178","36","77","Two-Entity AI","Two Birds of Different Colors on a Branch","3","a pink bird and a white bird"
"179","36","89","Two-Entity AI","Two Birds of Different Colors on a Branch","3","a pink bird and a white bird"
"180","36","123","Two-Entity AI","Two Birds of Different Colors on a Branch","3","a pink bird and a white bird"
"181","37","23","Two-Entity AI","Two Birds of Different Colors on a Branch","4","a metallic silver bird and a matte black bird"
"182","37","44","Two-Entity AI","Two Birds of Different Colors on a Branch","4","a metallic silver bird and a matte black bird"
"183","37","77","Two-Entity AI","Two Birds of Different Colors on a Branch","4","a metallic silver bird and a matte black bird"
"184","37","89","Two-Entity AI","Two Birds of Different Colors on a Branch","4","a metallic silver bird and a matte black bird"
"185","37","123","Two-Entity AI","Two Birds of Different Colors on a Branch","4","a metallic silver bird and a matte black bird"
"186","38","23","Two-Entity AI","Two Birds of Different Colors on a Branch","5","a purple bird and an orange bird on the tree"
"187","38","44","Two-Entity AI","Two Birds of Different Colors on a Branch","5","a purple bird and an orange bird on the tree"
"188","38","77","Two-Entity AI","Two Birds of Different Colors on a Branch","5","a purple bird and an orange bird on the tree"
"189","38","89","Two-Entity AI","Two Birds of Different Colors on a Branch","5","a purple bird and an orange bird on the tree"
"190","38","123","Two-Entity AI","Two Birds of Different Colors on a Branch","5","a purple bird and an orange bird on the tree"
"191","39","23","Two-Entity AI","Two Birds of Different Colors on a Branch","6","a glossy cyan bird and a fluffy brown bird"
"192","39","44","Two-Entity AI","Two Birds of Different Colors on a Branch","6","a glossy cyan bird and a fluffy brown bird"
"193","39","77","Two-Entity AI","Two Birds of Different Colors on a Branch","6","a glossy cyan bird and a fluffy brown bird"
"194","39","89","Two-Entity AI","Two Birds of Different Colors on a Branch","6","a glossy cyan bird and a fluffy brown bird"
"195","39","123","Two-Entity AI","Two Birds of Different Colors on a Branch","6","a glossy cyan bird and a fluffy brown bird"
"196","40","23","Two-Entity AI","Horse and Cow on the Grassland","1","a black horse and a white cow on the meadow"
"197","40","44","Two-Entity AI","Horse and Cow on the Grassland","1","a black horse and a white cow on the meadow"
"198","40","77","Two-Entity AI","Horse and Cow on the Grassland","1","a black horse and a white cow on the meadow"
"199","40","89","Two-Entity AI","Horse and Cow on the Grassland","1","a black horse and a white cow on the meadow"
"200","40","123","Two-Entity AI","Horse and Cow on the Grassland","1","a black horse and a white cow on the meadow"
"201","41","23","Two-Entity AI","Horse and Cow on the Grassland","2","a red horse and a blue cow"
"202","41","44","Two-Entity AI","Horse and Cow on the Grassland","2","a red horse and a blue cow"
"203","41","77","Two-Entity AI","Horse and Cow on the Grassland","2","a red horse and a blue cow"
"204","41","89","Two-Entity AI","Horse and Cow on the Grassland","2","a red horse and a blue cow"
"205","41","123","Two-Entity AI","Horse and Cow on the Grassland","2","a red horse and a blue cow"
"206","42","23","Two-Entity AI","Horse and Cow on the Grassland","3","a golden horse and a silver cow under bright sunlight"
"207","42","44","Two-Entity AI","Horse and Cow on the Grassland","3","a golden horse and a silver cow under bright sunlight"
"208","42","77","Two-Entity AI","Horse and Cow on the Grassland","3","a golden horse and a silver cow under bright sunlight"
"209","42","89","Two-Entity AI","Horse and Cow on the Grassland","3","a golden horse and a silver cow under bright sunlight"
"210","42","123","Two-Entity AI","Horse and Cow on the Grassland","3","a golden horse and a silver cow under bright sunlight"
"211","43","23","Two-Entity AI","Horse and Cow on the Grassland","4","a brown horse and a pink cow standing on the ranch"
"212","43","44","Two-Entity AI","Horse and Cow on the Grassland","4","a brown horse and a pink cow standing on the ranch"
"213","43","77","Two-Entity AI","Horse and Cow on the Grassland","4","a brown horse and a pink cow standing on the ranch"
"214","43","89","Two-Entity AI","Horse and Cow on the Grassland","4","a brown horse and a pink cow standing on the ranch"
"215","43","123","Two-Entity AI","Horse and Cow on the Grassland","4","a brown horse and a pink cow standing on the ranch"
"216","44","23","Two-Entity AI","Horse and Cow on the Grassland","5","a glossy blue horse and a matte yellow cow"
"217","44","44","Two-Entity AI","Horse and Cow on the Grassland","5","a glossy blue horse and a matte yellow cow"
"218","44","77","Two-Entity AI","Horse and Cow on the Grassland","5","a glossy blue horse and a matte yellow cow"
"219","44","89","Two-Entity AI","Horse and Cow on the Grassland","5","a glossy blue horse and a matte yellow cow"
"220","44","123","Two-Entity AI","Horse and Cow on the Grassland","5","a glossy blue horse and a matte yellow cow"
"221","45","23","Two-Entity AI","Horse and Cow on the Grassland","6","a purple horse and a cyan cow on the hillside"
"222","45","44","Two-Entity AI","Horse and Cow on the Grassland","6","a purple horse and a cyan cow on the hillside"
"223","45","77","Two-Entity AI","Horse and Cow on the Grassland","6","a purple horse and a cyan cow on the hillside"
"224","45","89","Two-Entity AI","Horse and Cow on the Grassland","6","a purple horse and a cyan cow on the hillside"
"225","45","123","Two-Entity AI","Horse and Cow on the Grassland","6","a purple horse and a cyan cow on the hillside"
"226","46","23","Two-Entity AI","Teddy Bear and Plush Dog on the Desktop","1","a brown teddy bear and a white plush dog"
"227","46","44","Two-Entity AI","Teddy Bear and Plush Dog on the Desktop","1","a brown teddy bear and a white plush dog"
"228","46","77","Two-Entity AI","Teddy Bear and Plush Dog on the Desktop","1","a brown teddy bear and a white plush dog"
"229","46","89","Two-Entity AI","Teddy Bear and Plush Dog on the Desktop","1","a brown teddy bear and a white plush dog"
"230","46","123","Two-Entity AI","Teddy Bear and Plush Dog on the Desktop","1","a brown teddy bear and a white plush dog"
"231","47","23","Two-Entity AI","Teddy Bear and Plush Dog on the Desktop","2","a red teddy bear and a blue plush dog"
"232","47","44","Two-Entity AI","Teddy Bear and Plush Dog on the Desktop","2","a red teddy bear and a blue plush dog"
"233","47","77","Two-Entity AI","Teddy Bear and Plush Dog on the Desktop","2","a red teddy bear and a blue plush dog"
"234","47","89","Two-Entity AI","Teddy Bear and Plush Dog on the Desktop","2","a red teddy bear and a blue plush dog"
"235","47","123","Two-Entity AI","Teddy Bear and Plush Dog on the Desktop","2","a red teddy bear and a blue plush dog"
"236","48","23","Two-Entity AI","Teddy Bear and Plush Dog on the Desktop","3","a purple teddy bear and a green plush dog"
"237","48","44","Two-Entity AI","Teddy Bear and Plush Dog on the Desktop","3","a purple teddy bear and a green plush dog"
"238","48","77","Two-Entity AI","Teddy Bear and Plush Dog on the Desktop","3","a purple teddy bear and a green plush dog"
"239","48","89","Two-Entity AI","Teddy Bear and Plush Dog on the Desktop","3","a purple teddy bear and a green plush dog"
"240","48","123","Two-Entity AI","Teddy Bear and Plush Dog on the Desktop","3","a purple teddy bear and a green plush dog"
"241","49","23","Two-Entity AI","Teddy Bear and Plush Dog on the Desktop","4","a silver teddy bear and a golden plush dog"
"242","49","44","Two-Entity AI","Teddy Bear and Plush Dog on the Desktop","4","a silver teddy bear and a golden plush dog"
"243","49","77","Two-Entity AI","Teddy Bear and Plush Dog on the Desktop","4","a silver teddy bear and a golden plush dog"
"244","49","89","Two-Entity AI","Teddy Bear and Plush Dog on the Desktop","4","a silver teddy bear and a golden plush dog"
"245","49","123","Two-Entity AI","Teddy Bear and Plush Dog on the Desktop","4","a silver teddy bear and a golden plush dog"
"246","50","23","Two-Entity AI","Teddy Bear and Plush Dog on the Desktop","5","a fluffy orange teddy bear and a glossy cyan plush dog"
"247","50","44","Two-Entity AI","Teddy Bear and Plush Dog on the Desktop","5","a fluffy orange teddy bear and a glossy cyan plush dog"
"248","50","77","Two-Entity AI","Teddy Bear and Plush Dog on the Desktop","5","a fluffy orange teddy bear and a glossy cyan plush dog"
"249","50","89","Two-Entity AI","Teddy Bear and Plush Dog on the Desktop","5","a fluffy orange teddy bear and a glossy cyan plush dog"
"250","50","123","Two-Entity AI","Teddy Bear and Plush Dog on the Desktop","5","a fluffy orange teddy bear and a glossy cyan plush dog"
"251","51","23","Two-Entity AI","A Cat and a Rabbit","1","a red cat and a blue rabbit sitting on the grass"
"252","51","44","Two-Entity AI","A Cat and a Rabbit","1","a red cat and a blue rabbit sitting on the grass"
"253","51","77","Two-Entity AI","A Cat and a Rabbit","1","a red cat and a blue rabbit sitting on the grass"
"254","51","89","Two-Entity AI","A Cat and a Rabbit","1","a red cat and a blue rabbit sitting on the grass"
"255","51","123","Two-Entity AI","A Cat and a Rabbit","1","a red cat and a blue rabbit sitting on the grass"
"256","52","23","Two-Entity AI","A Cat and a Rabbit","2","a black cat and a pink rabbit sitting on the street"
"257","52","44","Two-Entity AI","A Cat and a Rabbit","2","a black cat and a pink rabbit sitting on the street"
"258","52","77","Two-Entity AI","A Cat and a Rabbit","2","a black cat and a pink rabbit sitting on the street"
"259","52","89","Two-Entity AI","A Cat and a Rabbit","2","a black cat and a pink rabbit sitting on the street"
"260","52","123","Two-Entity AI","A Cat and a Rabbit","2","a black cat and a pink rabbit sitting on the street"
"261","53","23","Two-Entity AI","A Cat and a Rabbit","3","a white cat and a green rabbit in front of a building"
"262","53","44","Two-Entity AI","A Cat and a Rabbit","3","a white cat and a green rabbit in front of a building"
"263","53","77","Two-Entity AI","A Cat and a Rabbit","3","a white cat and a green rabbit in front of a building"
"264","53","89","Two-Entity AI","A Cat and a Rabbit","3","a white cat and a green rabbit in front of a building"
"265","53","123","Two-Entity AI","A Cat and a Rabbit","3","a white cat and a green rabbit in front of a building"
"266","54","23","Two-Entity AI","A Cat and a Rabbit","4","a yellow cat and a purple rabbit sitting near a tree"
"267","54","44","Two-Entity AI","A Cat and a Rabbit","4","a yellow cat and a purple rabbit sitting near a tree"
"268","54","77","Two-Entity AI","A Cat and a Rabbit","4","a yellow cat and a purple rabbit sitting near a tree"
"269","54","89","Two-Entity AI","A Cat and a Rabbit","4","a yellow cat and a purple rabbit sitting near a tree"
"270","54","123","Two-Entity AI","A Cat and a Rabbit","4","a yellow cat and a purple rabbit sitting near a tree"
"271","55","23","Two-Entity AI","A Cat and a Rabbit","5","a brown cat and a silver rabbit under soft sunlight"
"272","55","44","Two-Entity AI","A Cat and a Rabbit","5","a brown cat and a silver rabbit under soft sunlight"
"273","55","77","Two-Entity AI","A Cat and a Rabbit","5","a brown cat and a silver rabbit under soft sunlight"
"274","55","89","Two-Entity AI","A Cat and a Rabbit","5","a brown cat and a silver rabbit under soft sunlight"
"275","55","123","Two-Entity AI","A Cat and a Rabbit","5","a brown cat and a silver rabbit under soft sunlight"
"276","56","23","Two-Entity AI","A Cat and a Rabbit","6","a fluffy orange cat and a glossy cyan rabbit on the pavement"
"277","56","44","Two-Entity AI","A Cat and a Rabbit","6","a fluffy orange cat and a glossy cyan rabbit on the pavement"
"278","56","77","Two-Entity AI","A Cat and a Rabbit","6","a fluffy orange cat and a glossy cyan rabbit on the pavement"
"279","56","89","Two-Entity AI","A Cat and a Rabbit","6","a fluffy orange cat and a glossy cyan rabbit on the pavement"
"280","56","123","Two-Entity AI","A Cat and a Rabbit","6","a fluffy orange cat and a glossy cyan rabbit on the pavement"
"281","57","23","Two-Entity COCO Style","CS Car and Bus","1","a red car and a blue bus"
"282","57","44","Two-Entity COCO Style","CS Car and Bus","1","a red car and a blue bus"
"283","57","77","Two-Entity COCO Style","CS Car and Bus","1","a red car and a blue bus"
"284","57","89","Two-Entity COCO Style","CS Car and Bus","1","a red car and a blue bus"
"285","57","123","Two-Entity COCO Style","CS Car and Bus","1","a red car and a blue bus"
"286","58","23","Two-Entity COCO Style","CS Car and Bus","2","a yellow car and a green bus"
"287","58","44","Two-Entity COCO Style","CS Car and Bus","2","a yellow car and a green bus"
"288","58","77","Two-Entity COCO Style","CS Car and Bus","2","a yellow car and a green bus"
"289","58","89","Two-Entity COCO Style","CS Car and Bus","2","a yellow car and a green bus"
"290","58","123","Two-Entity COCO Style","CS Car and Bus","2","a yellow car and a green bus"
"291","59","23","Two-Entity COCO Style","CS Car and Bus","3","a black matte car and a white glossy bus"
"292","59","44","Two-Entity COCO Style","CS Car and Bus","3","a black matte car and a white glossy bus"
"293","59","77","Two-Entity COCO Style","CS Car and Bus","3","a black matte car and a white glossy bus"
"294","59","89","Two-Entity COCO Style","CS Car and Bus","3","a black matte car and a white glossy bus"
"295","59","123","Two-Entity COCO Style","CS Car and Bus","3","a black matte car and a white glossy bus"
"296","60","23","Two-Entity COCO Style","CS Car and Bus","4","a silver metallic car and a purple bus"
"297","60","44","Two-Entity COCO Style","CS Car and Bus","4","a silver metallic car and a purple bus"
"298","60","77","Two-Entity COCO Style","CS Car and Bus","4","a silver metallic car and a purple bus"
"299","60","89","Two-Entity COCO Style","CS Car and Bus","4","a silver metallic car and a purple bus"
"300","60","123","Two-Entity COCO Style","CS Car and Bus","4","a silver metallic car and a purple bus"
"301","61","23","Two-Entity COCO Style","CS Car and Bus","5","a blue car and an orange bus"
"302","61","44","Two-Entity COCO Style","CS Car and Bus","5","a blue car and an orange bus"
"303","61","77","Two-Entity COCO Style","CS Car and Bus","5","a blue car and an orange bus"
"304","61","89","Two-Entity COCO Style","CS Car and Bus","5","a blue car and an orange bus"
"305","61","123","Two-Entity COCO Style","CS Car and Bus","5","a blue car and an orange bus"
"306","62","23","Two-Entity COCO Style","CS Car and Bus","6","a pink pearlescent car and a gray bus"
"307","62","44","Two-Entity COCO Style","CS Car and Bus","6","a pink pearlescent car and a gray bus"
"308","62","77","Two-Entity COCO Style","CS Car and Bus","6","a pink pearlescent car and a gray bus"
"309","62","89","Two-Entity COCO Style","CS Car and Bus","6","a pink pearlescent car and a gray bus"
"310","62","123","Two-Entity COCO Style","CS Car and Bus","6","a pink pearlescent car and a gray bus"
"311","63","23","Two-Entity COCO Style","CS Cat and Dog","1","a red cat and a blue dog"
"312","63","44","Two-Entity COCO Style","CS Cat and Dog","1","a red cat and a blue dog"
"313","63","77","Two-Entity COCO Style","CS Cat and Dog","1","a red cat and a blue dog"
"314","63","89","Two-Entity COCO Style","CS Cat and Dog","1","a red cat and a blue dog"
"315","63","123","Two-Entity COCO Style","CS Cat and Dog","1","a red cat and a blue dog"
"316","64","23","Two-Entity COCO Style","CS Cat and Dog","2","a black cat and a yellow dog"
"317","64","44","Two-Entity COCO Style","CS Cat and Dog","2","a black cat and a yellow dog"
"318","64","77","Two-Entity COCO Style","CS Cat and Dog","2","a black cat and a yellow dog"
"319","64","89","Two-Entity COCO Style","CS Cat and Dog","2","a black cat and a yellow dog"
"320","64","123","Two-Entity COCO Style","CS Cat and Dog","2","a black cat and a yellow dog"
"321","65","23","Two-Entity COCO Style","CS Cat and Dog","3","a white fluffy cat and a brown furry dog"
"322","65","44","Two-Entity COCO Style","CS Cat and Dog","3","a white fluffy cat and a brown furry dog"
"323","65","77","Two-Entity COCO Style","CS Cat and Dog","3","a white fluffy cat and a brown furry dog"
"324","65","89","Two-Entity COCO Style","CS Cat and Dog","3","a white fluffy cat and a brown furry dog"
"325","65","123","Two-Entity COCO Style","CS Cat and Dog","3","a white fluffy cat and a brown furry dog"
"326","66","23","Two-Entity COCO Style","CS Cat and Dog","4","a green cat and a purple dog"
"327","66","44","Two-Entity COCO Style","CS Cat and Dog","4","a green cat and a purple dog"
"328","66","77","Two-Entity COCO Style","CS Cat and Dog","4","a green cat and a purple dog"
"329","66","89","Two-Entity COCO Style","CS Cat and Dog","4","a green cat and a purple dog"
"330","66","123","Two-Entity COCO Style","CS Cat and Dog","4","a green cat and a purple dog"
"331","67","23","Two-Entity COCO Style","CS Cat and Dog","5","a metallic silver cat and a golden dog"
"332","67","44","Two-Entity COCO Style","CS Cat and Dog","5","a metallic silver cat and a golden dog"
"333","67","77","Two-Entity COCO Style","CS Cat and Dog","5","a metallic silver cat and a golden dog"
"334","67","89","Two-Entity COCO Style","CS Cat and Dog","5","a metallic silver cat and a golden dog"
"335","67","123","Two-Entity COCO Style","CS Cat and Dog","5","a metallic silver cat and a golden dog"
"336","68","23","Two-Entity COCO Style","CS Cat and Dog","6","a glossy pink cat and a matte gray dog"
"337","68","44","Two-Entity COCO Style","CS Cat and Dog","6","a glossy pink cat and a matte gray dog"
"338","68","77","Two-Entity COCO Style","CS Cat and Dog","6","a glossy pink cat and a matte gray dog"
"339","68","89","Two-Entity COCO Style","CS Cat and Dog","6","a glossy pink cat and a matte gray dog"
"340","68","123","Two-Entity COCO Style","CS Cat and Dog","6","a glossy pink cat and a matte gray dog"
"341","69","23","Two-Entity COCO Style","CS Cow and Sheep","1","a brown cow and a white sheep"
"342","69","44","Two-Entity COCO Style","CS Cow and Sheep","1","a brown cow and a white sheep"
"343","69","77","Two-Entity COCO Style","CS Cow and Sheep","1","a brown cow and a white sheep"
"344","69","89","Two-Entity COCO Style","CS Cow and Sheep","1","a brown cow and a white sheep"
"345","69","123","Two-Entity COCO Style","CS Cow and Sheep","1","a brown cow and a white sheep"
"346","70","23","Two-Entity COCO Style","CS Cow and Sheep","2","a black cow and a yellow sheep"
"347","70","44","Two-Entity COCO Style","CS Cow and Sheep","2","a black cow and a yellow sheep"
"348","70","77","Two-Entity COCO Style","CS Cow and Sheep","2","a black cow and a yellow sheep"
"349","70","89","Two-Entity COCO Style","CS Cow and Sheep","2","a black cow and a yellow sheep"
"350","70","123","Two-Entity COCO Style","CS Cow and Sheep","2","a black cow and a yellow sheep"
"351","71","23","Two-Entity COCO Style","CS Cow and Sheep","3","a red cow and a blue sheep"
"352","71","44","Two-Entity COCO Style","CS Cow and Sheep","3","a red cow and a blue sheep"
"353","71","77","Two-Entity COCO Style","CS Cow and Sheep","3","a red cow and a blue sheep"
"354","71","89","Two-Entity COCO Style","CS Cow and Sheep","3","a red cow and a blue sheep"
"355","71","123","Two-Entity COCO Style","CS Cow and Sheep","3","a red cow and a blue sheep"
"356","72","23","Two-Entity COCO Style","CS Cow and Sheep","4","a silver metallic cow and a golden sheep"
"357","72","44","Two-Entity COCO Style","CS Cow and Sheep","4","a silver metallic cow and a golden sheep"
"358","72","77","Two-Entity COCO Style","CS Cow and Sheep","4","a silver metallic cow and a golden sheep"
"359","72","89","Two-Entity COCO Style","CS Cow and Sheep","4","a silver metallic cow and a golden sheep"
"360","72","123","Two-Entity COCO Style","CS Cow and Sheep","4","a silver metallic cow and a golden sheep"
"361","73","23","Two-Entity COCO Style","CS Cow and Sheep","5","a purple cow and a green sheep"
"362","73","44","Two-Entity COCO Style","CS Cow and Sheep","5","a purple cow and a green sheep"
"363","73","77","Two-Entity COCO Style","CS Cow and Sheep","5","a purple cow and a green sheep"
"364","73","89","Two-Entity COCO Style","CS Cow and Sheep","5","a purple cow and a green sheep"
"365","73","123","Two-Entity COCO Style","CS Cow and Sheep","5","a purple cow and a green sheep"
"366","74","23","Two-Entity COCO Style","CS Cow and Sheep","6","a white furry cow and a gray woolly sheep"
"367","74","44","Two-Entity COCO Style","CS Cow and Sheep","6","a white furry cow and a gray woolly sheep"
"368","74","77","Two-Entity COCO Style","CS Cow and Sheep","6","a white furry cow and a gray woolly sheep"
"369","74","89","Two-Entity COCO Style","CS Cow and Sheep","6","a white furry cow and a gray woolly sheep"
"370","74","123","Two-Entity COCO Style","CS Cow and Sheep","6","a white furry cow and a gray woolly sheep"
"371","75","23","Two-Entity COCO Style","CS Human and Horse","1","a woman in a red dress and a white horse"
"372","75","44","Two-Entity COCO Style","CS Human and Horse","1","a woman in a red dress and a white horse"
"373","75","77","Two-Entity COCO Style","CS Human and Horse","1","a woman in a red dress and a white horse"
"374","75","89","Two-Entity COCO Style","CS Human and Horse","1","a woman in a red dress and a white horse"
"375","75","123","Two-Entity COCO Style","CS Human and Horse","1","a woman in a red dress and a white horse"
"376","76","23","Two-Entity COCO Style","CS Human and Horse","2","a man in a blue jacket and a brown horse"
"377","76","44","Two-Entity COCO Style","CS Human and Horse","2","a man in a blue jacket and a brown horse"
"378","76","77","Two-Entity COCO Style","CS Human and Horse","2","a man in a blue jacket and a brown horse"
"379","76","89","Two-Entity COCO Style","CS Human and Horse","2","a man in a blue jacket and a brown horse"
"380","76","123","Two-Entity COCO Style","CS Human and Horse","2","a man in a blue jacket and a brown horse"
"381","77","23","Two-Entity COCO Style","CS Human and Horse","3","a girl in a yellow coat and a black horse"
"382","77","44","Two-Entity COCO Style","CS Human and Horse","3","a girl in a yellow coat and a black horse"
"383","77","77","Two-Entity COCO Style","CS Human and Horse","3","a girl in a yellow coat and a black horse"
"384","77","89","Two-Entity COCO Style","CS Human and Horse","3","a girl in a yellow coat and a black horse"
"385","77","123","Two-Entity COCO Style","CS Human and Horse","3","a girl in a yellow coat and a black horse"
"386","78","23","Two-Entity COCO Style","CS Human and Horse","4","a person wearing a purple robe and a gray horse"
"387","78","44","Two-Entity COCO Style","CS Human and Horse","4","a person wearing a purple robe and a gray horse"
"388","78","77","Two-Entity COCO Style","CS Human and Horse","4","a person wearing a purple robe and a gray horse"
"389","78","89","Two-Entity COCO Style","CS Human and Horse","4","a person wearing a purple robe and a gray horse"
"390","78","123","Two-Entity COCO Style","CS Human and Horse","4","a person wearing a purple robe and a gray horse"
"391","79","23","Two-Entity COCO Style","CS Human and Horse","5","a man in a green outfit and a golden horse"
"392","79","44","Two-Entity COCO Style","CS Human and Horse","5","a man in a green outfit and a golden horse"
"393","79","77","Two-Entity COCO Style","CS Human and Horse","5","a man in a green outfit and a golden horse"
"394","79","89","Two-Entity COCO Style","CS Human and Horse","5","a man in a green outfit and a golden horse"
"395","79","123","Two-Entity COCO Style","CS Human and Horse","5","a man in a green outfit and a golden horse"
"396","80","23","Two-Entity COCO Style","CS Human and Horse","6","a woman in a white coat and a glossy pink horse"
"397","80","44","Two-Entity COCO Style","CS Human and Horse","6","a woman in a white coat and a glossy pink horse"
"398","80","77","Two-Entity COCO Style","CS Human and Horse","6","a woman in a white coat and a glossy pink horse"
"399","80","89","Two-Entity COCO Style","CS Human and Horse","6","a woman in a white coat and a glossy pink horse"
"400","80","123","Two-Entity COCO Style","CS Human and Horse","6","a woman in a white coat and a glossy pink horse"
"401","81","23","Two-Entity COCO Style","CS Person and Bicycle","1","a man in a red jacket and a blue bicycle"
"402","81","44","Two-Entity COCO Style","CS Person and Bicycle","1","a man in a red jacket and a blue bicycle"
"403","81","77","Two-Entity COCO Style","CS Person and Bicycle","1","a man in a red jacket and a blue bicycle"
"404","81","89","Two-Entity COCO Style","CS Person and Bicycle","1","a man in a red jacket and a blue bicycle"
"405","81","123","Two-Entity COCO Style","CS Person and Bicycle","1","a man in a red jacket and a blue bicycle"
"406","82","23","Two-Entity COCO Style","CS Person and Bicycle","2","a man in a yellow coat and a black bicycle"
"407","82","44","Two-Entity COCO Style","CS Person and Bicycle","2","a man in a yellow coat and a black bicycle"
"408","82","77","Two-Entity COCO Style","CS Person and Bicycle","2","a man in a yellow coat and a black bicycle"
"409","82","89","Two-Entity COCO Style","CS Person and Bicycle","2","a man in a yellow coat and a black bicycle"
"410","82","123","Two-Entity COCO Style","CS Person and Bicycle","2","a man in a yellow coat and a black bicycle"
"411","83","23","Two-Entity COCO Style","CS Person and Bicycle","3","a man wearing a white hoodie and a green bicycle"
"412","83","44","Two-Entity COCO Style","CS Person and Bicycle","3","a man wearing a white hoodie and a green bicycle"
"413","83","77","Two-Entity COCO Style","CS Person and Bicycle","3","a man wearing a white hoodie and a green bicycle"
"414","83","89","Two-Entity COCO Style","CS Person and Bicycle","3","a man wearing a white hoodie and a green bicycle"
"415","83","123","Two-Entity COCO Style","CS Person and Bicycle","3","a man wearing a white hoodie and a green bicycle"
"416","84","23","Two-Entity COCO Style","CS Person and Bicycle","4","a man in a brown leather jacket and a silver metallic bicycle"
"417","84","44","Two-Entity COCO Style","CS Person and Bicycle","4","a man in a brown leather jacket and a silver metallic bicycle"
"418","84","77","Two-Entity COCO Style","CS Person and Bicycle","4","a man in a brown leather jacket and a silver metallic bicycle"
"419","84","89","Two-Entity COCO Style","CS Person and Bicycle","4","a man in a brown leather jacket and a silver metallic bicycle"
"420","84","123","Two-Entity COCO Style","CS Person and Bicycle","4","a man in a brown leather jacket and a silver metallic bicycle"
"421","85","23","Two-Entity COCO Style","CS Person and Bicycle","5","a man in a purple shirt and an orange bicycle"
"422","85","44","Two-Entity COCO Style","CS Person and Bicycle","5","a man in a purple shirt and an orange bicycle"
"423","85","77","Two-Entity COCO Style","CS Person and Bicycle","5","a man in a purple shirt and an orange bicycle"
"424","85","89","Two-Entity COCO Style","CS Person and Bicycle","5","a man in a purple shirt and an orange bicycle"
"425","85","123","Two-Entity COCO Style","CS Person and Bicycle","5","a man in a purple shirt and an orange bicycle"
"426","86","23","Two-Entity COCO Style","CS Person and Bicycle","6","a man in a gray sweater and a glossy pink bicycle"
"427","86","44","Two-Entity COCO Style","CS Person and Bicycle","6","a man in a gray sweater and a glossy pink bicycle"
"428","86","77","Two-Entity COCO Style","CS Person and Bicycle","6","a man in a gray sweater and a glossy pink bicycle"
"429","86","89","Two-Entity COCO Style","CS Person and Bicycle","6","a man in a gray sweater and a glossy pink bicycle"
"430","86","123","Two-Entity COCO Style","CS Person and Bicycle","6","a man in a gray sweater and a glossy pink bicycle"
"431","87","23","Three-Entity AI","Car, Bus, and Bicycle","1","a red car, a blue bus, and a green bicycle on the street"
"432","87","44","Three-Entity AI","Car, Bus, and Bicycle","1","a red car, a blue bus, and a green bicycle on the street"
"433","87","77","Three-Entity AI","Car, Bus, and Bicycle","1","a red car, a blue bus, and a green bicycle on the street"
"434","87","89","Three-Entity AI","Car, Bus, and Bicycle","1","a red car, a blue bus, and a green bicycle on the street"
"435","87","123","Three-Entity AI","Car, Bus, and Bicycle","1","a red car, a blue bus, and a green bicycle on the street"
"436","88","23","Three-Entity AI","Car, Bus, and Bicycle","2","a yellow car, a purple bus, and a cyan bicycle on the street"
"437","88","44","Three-Entity AI","Car, Bus, and Bicycle","2","a yellow car, a purple bus, and a cyan bicycle on the street"
"438","88","77","Three-Entity AI","Car, Bus, and Bicycle","2","a yellow car, a purple bus, and a cyan bicycle on the street"
"439","88","89","Three-Entity AI","Car, Bus, and Bicycle","2","a yellow car, a purple bus, and a cyan bicycle on the street"
"440","88","123","Three-Entity AI","Car, Bus, and Bicycle","2","a yellow car, a purple bus, and a cyan bicycle on the street"
"441","89","23","Three-Entity AI","Car, Bus, and Bicycle","3","a black car, a white bus, and a pink bicycle on the street"
"442","89","44","Three-Entity AI","Car, Bus, and Bicycle","3","a black car, a white bus, and a pink bicycle on the street"
"443","89","77","Three-Entity AI","Car, Bus, and Bicycle","3","a black car, a white bus, and a pink bicycle on the street"
"444","89","89","Three-Entity AI","Car, Bus, and Bicycle","3","a black car, a white bus, and a pink bicycle on the street"
"445","89","123","Three-Entity AI","Car, Bus, and Bicycle","3","a black car, a white bus, and a pink bicycle on the street"
"446","90","23","Three-Entity AI","Car, Bus, and Bicycle","4","a silver car, a golden bus, and an orange bicycle on the street"
"447","90","44","Three-Entity AI","Car, Bus, and Bicycle","4","a silver car, a golden bus, and an orange bicycle on the street"
"448","90","77","Three-Entity AI","Car, Bus, and Bicycle","4","a silver car, a golden bus, and an orange bicycle on the street"
"449","90","89","Three-Entity AI","Car, Bus, and Bicycle","4","a silver car, a golden bus, and an orange bicycle on the street"
"450","90","123","Three-Entity AI","Car, Bus, and Bicycle","4","a silver car, a golden bus, and an orange bicycle on the street"
"451","91","23","Three-Entity AI","Car, Bus, and Bicycle","5","a matte gray car, a glossy blue bus, and a bright red bicycle on the street"
"452","91","44","Three-Entity AI","Car, Bus, and Bicycle","5","a matte gray car, a glossy blue bus, and a bright red bicycle on the street"
"453","91","77","Three-Entity AI","Car, Bus, and Bicycle","5","a matte gray car, a glossy blue bus, and a bright red bicycle on the street"
"454","91","89","Three-Entity AI","Car, Bus, and Bicycle","5","a matte gray car, a glossy blue bus, and a bright red bicycle on the street"
"455","91","123","Three-Entity AI","Car, Bus, and Bicycle","5","a matte gray car, a glossy blue bus, and a bright red bicycle on the street"
"456","92","23","Three-Entity AI","Three Birds","1","a red bird, a blue bird, and a green bird sitting on the branch"
"457","92","44","Three-Entity AI","Three Birds","1","a red bird, a blue bird, and a green bird sitting on the branch"
"458","92","77","Three-Entity AI","Three Birds","1","a red bird, a blue bird, and a green bird sitting on the branch"
"459","92","89","Three-Entity AI","Three Birds","1","a red bird, a blue bird, and a green bird sitting on the branch"
"460","92","123","Three-Entity AI","Three Birds","1","a red bird, a blue bird, and a green bird sitting on the branch"
"461","93","23","Three-Entity AI","Three Birds","2","a yellow bird, a purple bird, and a cyan bird sitting on the branch"
"462","93","44","Three-Entity AI","Three Birds","2","a yellow bird, a purple bird, and a cyan bird sitting on the branch"
"463","93","77","Three-Entity AI","Three Birds","2","a yellow bird, a purple bird, and a cyan bird sitting on the branch"
"464","93","89","Three-Entity AI","Three Birds","2","a yellow bird, a purple bird, and a cyan bird sitting on the branch"
"465","93","123","Three-Entity AI","Three Birds","2","a yellow bird, a purple bird, and a cyan bird sitting on the branch"
"466","94","23","Three-Entity AI","Three Birds","3","a white bird, a black bird, and an orange bird sitting on the branch"
"467","94","44","Three-Entity AI","Three Birds","3","a white bird, a black bird, and an orange bird sitting on the branch"
"468","94","77","Three-Entity AI","Three Birds","3","a white bird, a black bird, and an orange bird sitting on the branch"
"469","94","89","Three-Entity AI","Three Birds","3","a white bird, a black bird, and an orange bird sitting on the branch"
"470","94","123","Three-Entity AI","Three Birds","3","a white bird, a black bird, and an orange bird sitting on the branch"
"471","95","23","Three-Entity AI","Three Birds","4","a pink bird, a brown bird, and a silver metallic bird sitting on the branch"
"472","95","44","Three-Entity AI","Three Birds","4","a pink bird, a brown bird, and a silver metallic bird sitting on the branch"
"473","95","77","Three-Entity AI","Three Birds","4","a pink bird, a brown bird, and a silver metallic bird sitting on the branch"
"474","95","89","Three-Entity AI","Three Birds","4","a pink bird, a brown bird, and a silver metallic bird sitting on the branch"
"475","95","123","Three-Entity AI","Three Birds","4","a pink bird, a brown bird, and a silver metallic bird sitting on the branch"
"476","96","23","Three-Entity AI","Three Birds","5","a golden bird, a blue bird, and a red bird sitting on the branch"
"477","96","44","Three-Entity AI","Three Birds","5","a golden bird, a blue bird, and a red bird sitting on the branch"
"478","96","77","Three-Entity AI","Three Birds","5","a golden bird, a blue bird, and a red bird sitting on the branch"
"479","96","89","Three-Entity AI","Three Birds","5","a golden bird, a blue bird, and a red bird sitting on the branch"
"480","96","123","Three-Entity AI","Three Birds","5","a golden bird, a blue bird, and a red bird sitting on the branch"
"481","97","23","Three-Entity AI","Cat, Dog, and Rabbit","1","a red cat, a blue dog, and a green rabbit sitting on the grass"
"482","97","44","Three-Entity AI","Cat, Dog, and Rabbit","1","a red cat, a blue dog, and a green rabbit sitting on the grass"
"483","97","77","Three-Entity AI","Cat, Dog, and Rabbit","1","a red cat, a blue dog, and a green rabbit sitting on the grass"
"484","97","89","Three-Entity AI","Cat, Dog, and Rabbit","1","a red cat, a blue dog, and a green rabbit sitting on the grass"
"485","97","123","Three-Entity AI","Cat, Dog, and Rabbit","1","a red cat, a blue dog, and a green rabbit sitting on the grass"
"486","98","23","Three-Entity AI","Cat, Dog, and Rabbit","2","a black cat, a yellow dog, and a pink rabbit sitting on the grass"
"487","98","44","Three-Entity AI","Cat, Dog, and Rabbit","2","a black cat, a yellow dog, and a pink rabbit sitting on the grass"
"488","98","77","Three-Entity AI","Cat, Dog, and Rabbit","2","a black cat, a yellow dog, and a pink rabbit sitting on the grass"
"489","98","89","Three-Entity AI","Cat, Dog, and Rabbit","2","a black cat, a yellow dog, and a pink rabbit sitting on the grass"
"490","98","123","Three-Entity AI","Cat, Dog, and Rabbit","2","a black cat, a yellow dog, and a pink rabbit sitting on the grass"
"491","99","23","Three-Entity AI","Cat, Dog, and Rabbit","3","a white cat, a brown dog, and a purple rabbit sitting on the grass"
"492","99","44","Three-Entity AI","Cat, Dog, and Rabbit","3","a white cat, a brown dog, and a purple rabbit sitting on the grass"
"493","99","77","Three-Entity AI","Cat, Dog, and Rabbit","3","a white cat, a brown dog, and a purple rabbit sitting on the grass"
"494","99","89","Three-Entity AI","Cat, Dog, and Rabbit","3","a white cat, a brown dog, and a purple rabbit sitting on the grass"
"495","99","123","Three-Entity AI","Cat, Dog, and Rabbit","3","a white cat, a brown dog, and a purple rabbit sitting on the grass"
"496","100","23","Three-Entity AI","Cat, Dog, and Rabbit","4","a silver metallic cat, a golden dog, and a cyan rabbit sitting on the grass"
"497","100","44","Three-Entity AI","Cat, Dog, and Rabbit","4","a silver metallic cat, a golden dog, and a cyan rabbit sitting on the grass"
"498","100","77","Three-Entity AI","Cat, Dog, and Rabbit","4","a silver metallic cat, a golden dog, and a cyan rabbit sitting on the grass"
"499","100","89","Three-Entity AI","Cat, Dog, and Rabbit","4","a silver metallic cat, a golden dog, and a cyan rabbit sitting on the grass"
"500","100","123","Three-Entity AI","Cat, Dog, and Rabbit","4","a silver metallic cat, a golden dog, and a cyan rabbit sitting on the grass"
"501","101","23","Three-Entity AI","Cat, Dog, and Rabbit","5","a fluffy orange cat, a smooth blue dog, and a glossy green rabbit sitting on the grass"
"502","101","44","Three-Entity AI","Cat, Dog, and Rabbit","5","a fluffy orange cat, a smooth blue dog, and a glossy green rabbit sitting on the grass"
"503","101","77","Three-Entity AI","Cat, Dog, and Rabbit","5","a fluffy orange cat, a smooth blue dog, and a glossy green rabbit sitting on the grass"
"504","101","89","Three-Entity AI","Cat, Dog, and Rabbit","5","a fluffy orange cat, a smooth blue dog, and a glossy green rabbit sitting on the grass"
"505","101","123","Three-Entity AI","Cat, Dog, and Rabbit","5","a fluffy orange cat, a smooth blue dog, and a glossy green rabbit sitting on the grass"
"506","102","23","Three-Entity AI","Person, Cat, and Dog","1","a girl in a white dress, a red cat, and a blue dog in the living room"
"507","102","44","Three-Entity AI","Person, Cat, and Dog","1","a girl in a white dress, a red cat, and a blue dog in the living room"
"508","102","77","Three-Entity AI","Person, Cat, and Dog","1","a girl in a white dress, a red cat, and a blue dog in the living room"
"509","102","89","Three-Entity AI","Person, Cat, and Dog","1","a girl in a white dress, a red cat, and a blue dog in the living room"
"510","102","123","Three-Entity AI","Person, Cat, and Dog","1","a girl in a white dress, a red cat, and a blue dog in the living room"
"511","103","23","Three-Entity AI","Person, Cat, and Dog","2","a girl in a yellow sweater, a black cat, and a pink dog in the living room"
"512","103","44","Three-Entity AI","Person, Cat, and Dog","2","a girl in a yellow sweater, a black cat, and a pink dog in the living room"
"513","103","77","Three-Entity AI","Person, Cat, and Dog","2","a girl in a yellow sweater, a black cat, and a pink dog in the living room"
"514","103","89","Three-Entity AI","Person, Cat, and Dog","2","a girl in a yellow sweater, a black cat, and a pink dog in the living room"
"515","103","123","Three-Entity AI","Person, Cat, and Dog","2","a girl in a yellow sweater, a black cat, and a pink dog in the living room"
"516","104","23","Three-Entity AI","Person, Cat, and Dog","3","a girl in a green hoodie, a white cat, and a brown dog in the living room"
"517","104","44","Three-Entity AI","Person, Cat, and Dog","3","a girl in a green hoodie, a white cat, and a brown dog in the living room"
"518","104","77","Three-Entity AI","Person, Cat, and Dog","3","a girl in a green hoodie, a white cat, and a brown dog in the living room"
"519","104","89","Three-Entity AI","Person, Cat, and Dog","3","a girl in a green hoodie, a white cat, and a brown dog in the living room"
"520","104","123","Three-Entity AI","Person, Cat, and Dog","3","a girl in a green hoodie, a white cat, and a brown dog in the living room"
"521","105","23","Three-Entity AI","Person, Cat, and Dog","4","a girl in a red jacket, a silver metallic cat, and a golden dog in the living room"
"522","105","44","Three-Entity AI","Person, Cat, and Dog","4","a girl in a red jacket, a silver metallic cat, and a golden dog in the living room"
"523","105","77","Three-Entity AI","Person, Cat, and Dog","4","a girl in a red jacket, a silver metallic cat, and a golden dog in the living room"
"524","105","89","Three-Entity AI","Person, Cat, and Dog","4","a girl in a red jacket, a silver metallic cat, and a golden dog in the living room"
"525","105","123","Three-Entity AI","Person, Cat, and Dog","4","a girl in a red jacket, a silver metallic cat, and a golden dog in the living room"
"526","106","23","Three-Entity AI","Person, Cat, and Dog","5","a girl in a blue dress, a purple cat, and a cyan dog in the living room"
"527","106","44","Three-Entity AI","Person, Cat, and Dog","5","a girl in a blue dress, a purple cat, and a cyan dog in the living room"
"528","106","77","Three-Entity AI","Person, Cat, and Dog","5","a girl in a blue dress, a purple cat, and a cyan dog in the living room"
"529","106","89","Three-Entity AI","Person, Cat, and Dog","5","a girl in a blue dress, a purple cat, and a cyan dog in the living room"
"530","106","123","Three-Entity AI","Person, Cat, and Dog","5","a girl in a blue dress, a purple cat, and a cyan dog in the living room"
"531","107","23","Three-Entity AI","Teddy Bear, Toy Car, and Toy Robot","1","a brown teddy bear, a red toy car, and a blue toy robot on the table"
"532","107","44","Three-Entity AI","Teddy Bear, Toy Car, and Toy Robot","1","a brown teddy bear, a red toy car, and a blue toy robot on the table"
"533","107","77","Three-Entity AI","Teddy Bear, Toy Car, and Toy Robot","1","a brown teddy bear, a red toy car, and a blue toy robot on the table"
"534","107","89","Three-Entity AI","Teddy Bear, Toy Car, and Toy Robot","1","a brown teddy bear, a red toy car, and a blue toy robot on the table"
"535","107","123","Three-Entity AI","Teddy Bear, Toy Car, and Toy Robot","1","a brown teddy bear, a red toy car, and a blue toy robot on the table"
"536","108","23","Three-Entity AI","Teddy Bear, Toy Car, and Toy Robot","2","a pink teddy bear, a green toy car, and a yellow toy robot on the table"
"537","108","44","Three-Entity AI","Teddy Bear, Toy Car, and Toy Robot","2","a pink teddy bear, a green toy car, and a yellow toy robot on the table"
"538","108","77","Three-Entity AI","Teddy Bear, Toy Car, and Toy Robot","2","a pink teddy bear, a green toy car, and a yellow toy robot on the table"
"539","108","89","Three-Entity AI","Teddy Bear, Toy Car, and Toy Robot","2","a pink teddy bear, a green toy car, and a yellow toy robot on the table"
"540","108","123","Three-Entity AI","Teddy Bear, Toy Car, and Toy Robot","2","a pink teddy bear, a green toy car, and a yellow toy robot on the table"
"541","109","23","Three-Entity AI","Teddy Bear, Toy Car, and Toy Robot","3","a white fluffy teddy bear, a metallic silver toy car, and a purple toy robot on the table"
"542","109","44","Three-Entity AI","Teddy Bear, Toy Car, and Toy Robot","3","a white fluffy teddy bear, a metallic silver toy car, and a purple toy robot on the table"
"543","109","77","Three-Entity AI","Teddy Bear, Toy Car, and Toy Robot","3","a white fluffy teddy bear, a metallic silver toy car, and a purple toy robot on the table"
"544","109","89","Three-Entity AI","Teddy Bear, Toy Car, and Toy Robot","3","a white fluffy teddy bear, a metallic silver toy car, and a purple toy robot on the table"
"545","109","123","Three-Entity AI","Teddy Bear, Toy Car, and Toy Robot","3","a white fluffy teddy bear, a metallic silver toy car, and a purple toy robot on the table"
"546","110","23","Three-Entity AI","Teddy Bear, Toy Car, and Toy Robot","4","a black teddy bear, an orange toy car, and a cyan toy robot on the table"
"547","110","44","Three-Entity AI","Teddy Bear, Toy Car, and Toy Robot","4","a black teddy bear, an orange toy car, and a cyan toy robot on the table"
"548","110","77","Three-Entity AI","Teddy Bear, Toy Car, and Toy Robot","4","a black teddy bear, an orange toy car, and a cyan toy robot on the table"
"549","110","89","Three-Entity AI","Teddy Bear, Toy Car, and Toy Robot","4","a black teddy bear, an orange toy car, and a cyan toy robot on the table"
"550","110","123","Three-Entity AI","Teddy Bear, Toy Car, and Toy Robot","4","a black teddy bear, an orange toy car, and a cyan toy robot on the table"
"551","111","23","Three-Entity AI","Teddy Bear, Toy Car, and Toy Robot","5","a golden teddy bear, a blue toy car, and a red toy robot on the table"
"552","111","44","Three-Entity AI","Teddy Bear, Toy Car, and Toy Robot","5","a golden teddy bear, a blue toy car, and a red toy robot on the table"
"553","111","77","Three-Entity AI","Teddy Bear, Toy Car, and Toy Robot","5","a golden teddy bear, a blue toy car, and a red toy robot on the table"
"554","111","89","Three-Entity AI","Teddy Bear, Toy Car, and Toy Robot","5","a golden teddy bear, a blue toy car, and a red toy robot on the table"
"555","111","123","Three-Entity AI","Teddy Bear, Toy Car, and Toy Robot","5","a golden teddy bear, a blue toy car, and a red toy robot on the table"
